dataset,model,method,seed,config_hash,split_hash,initialization_hash,checkpoint_path,metrics_path,reusable,reuse_scope,reason
cifar10,resnet18,step,1,f1eb454e71aee762a3fffe492c5a0e6308e0af1101a7c36efe34c18ac33555a1,99b489a075b52c477efc94aeccf17190a6a0f2ee7b00a3a8ce55bf5a9d1636d4,c076d3a164d0e93a5a56beaf4777c1bc855b4ca406a45be9bf59f34ba48576a1,UNRESOLVED,D:\reliable-training-control\results\main_supplement_20260501_054015\main_cifar10_resnet18__main_supplement_20260501_054015\step\seed_1\summary.json,false,none,"Invalidated by corrected protocol: historical validation inherited random training augmentation, and the shared reliability counter made reliability-based stopping unreachable (historical artifacts complete)."
cifar10,resnet18,step,2,cc402f969cdeb13d08ead9eaa880dddd6dc04a69d98c3b86ce4d99812e8b2225,6b62938de6bf5c006ed593051f655a3b348a43f3889fc2610a055143b9e74149,34c27e1acefb25d4e3ea3f1b3d3158114a8a677e2489fc48b3ac07c2b4c0dc87,UNRESOLVED,D:\reliable-training-control\results\main_supplement_20260501_054015\main_cifar10_resnet18__main_supplement_20260501_054015\step\seed_2\summary.json,false,none,"Invalidated by corrected protocol: historical validation inherited random training augmentation, and the shared reliability counter made reliability-based stopping unreachable (historical artifacts complete)."
cifar10,resnet18,step,3,a888c67d7a3d1a7df698b9f7c10ba4dfb7a222c6d1f31b2a2b4799d6e6f0624a,20f3d61bf4b212604f8dfc2eca191907490af820f7f65b2975157d8ca6a1e043,f5cd48743d3f50c5289e484eec1c79091905876cd136ad3e65c3e2885c321399,UNRESOLVED,D:\reliable-training-control\results\main_supplement_20260501_054015\main_cifar10_resnet18__main_supplement_20260501_054015\step\seed_3\summary.json,false,none,"Invalidated by corrected protocol: historical validation inherited random training augmentation, and the shared reliability counter made reliability-based stopping unreachable (historical artifacts complete)."
cifar10,resnet18,step,4,bec67fc700a562262d2941378a76039c529a09828dac16b1720b0bf157eb94fb,a284564687954174b1509d17984e2b25033ab2c451fc02598b53ad32831e3b70,4766ca9142b00e37ddcfc68f3662f9eec46f2bc47afdf28c6c0d94a415d9f5f3,UNRESOLVED,D:\reliable-training-control\results\main_supplement_20260501_054015\main_cifar10_resnet18__main_supplement_20260501_054015\step\seed_4\summary.json,false,none,"Invalidated by corrected protocol: historical validation inherited random training augmentation, and the shared reliability counter made reliability-based stopping unreachable (historical artifacts complete)."
cifar10,resnet18,step,5,697f18ee5903d5447944a8177b6c875bdb986041d89b41cea67c006ca1547833,46363a38f57e5cbeec1b92e9403900b1bb59e28178b00d7c537e2a753c4f6125,c7982cce121fe0a64066fdae38c04b6244d55a69675bc352fee9b469448906d5,UNRESOLVED,D:\reliable-training-control\results\main_supplement_20260501_054015\main_cifar10_resnet18__main_supplement_20260501_054015\step\seed_5\summary.json,false,none,"Invalidated by corrected protocol: historical validation inherited random training augmentation, and the shared reliability counter made reliability-based stopping unreachable (historical artifacts complete)."
cifar10,resnet18,cosine,1,64a0d68766cca70ce60110051b10ba63d6ce823a8e26a3013e65d01b2d84309b,99b489a075b52c477efc94aeccf17190a6a0f2ee7b00a3a8ce55bf5a9d1636d4,c076d3a164d0e93a5a56beaf4777c1bc855b4ca406a45be9bf59f34ba48576a1,UNRESOLVED,D:\reliable-training-control\results\main_supplement_20260501_054015\main_cifar10_resnet18__main_supplement_20260501_054015\cosine\seed_1\summary.json,false,none,"Invalidated by corrected protocol: historical validation inherited random training augmentation, and the shared reliability counter made reliability-based stopping unreachable (historical artifacts complete)."
cifar10,resnet18,cosine,2,cc3b57c99288c9e339945731f27f1cad18444d0a4baa1b790a6879ce87f17fb5,6b62938de6bf5c006ed593051f655a3b348a43f3889fc2610a055143b9e74149,34c27e1acefb25d4e3ea3f1b3d3158114a8a677e2489fc48b3ac07c2b4c0dc87,UNRESOLVED,D:\reliable-training-control\results\main_supplement_20260501_054015\main_cifar10_resnet18__main_supplement_20260501_054015\cosine\seed_2\summary.json,false,none,"Invalidated by corrected protocol: historical validation inherited random training augmentation, and the shared reliability counter made reliability-based stopping unreachable (historical artifacts complete)."
cifar10,resnet18,cosine,3,ef96dbb43e75161876901aa763c7659c19bb1575c8063a2e1e4ee9e7e66a689a,20f3d61bf4b212604f8dfc2eca191907490af820f7f65b2975157d8ca6a1e043,f5cd48743d3f50c5289e484eec1c79091905876cd136ad3e65c3e2885c321399,UNRESOLVED,D:\reliable-training-control\results\main_supplement_20260501_054015\main_cifar10_resnet18__main_supplement_20260501_054015\cosine\seed_3\summary.json,false,none,"Invalidated by corrected protocol: historical validation inherited random training augmentation, and the shared reliability counter made reliability-based stopping unreachable (historical artifacts complete)."
cifar10,resnet18,cosine,4,9082ee12826d4c78ed7a5710094c4239e7492c674f271f3f29398819bd1481c3,a284564687954174b1509d17984e2b25033ab2c451fc02598b53ad32831e3b70,4766ca9142b00e37ddcfc68f3662f9eec46f2bc47afdf28c6c0d94a415d9f5f3,UNRESOLVED,D:\reliable-training-control\results\main_supplement_20260501_054015\main_cifar10_resnet18__main_supplement_20260501_054015\cosine\seed_4\summary.json,false,none,"Invalidated by corrected protocol: historical validation inherited random training augmentation, and the shared reliability counter made reliability-based stopping unreachable (historical artifacts complete)."
cifar10,resnet18,cosine,5,09c5492d8ce4a2bef94d8de75b7a8a55f3b268cc3d68fa84668f87aa8649509d,46363a38f57e5cbeec1b92e9403900b1bb59e28178b00d7c537e2a753c4f6125,c7982cce121fe0a64066fdae38c04b6244d55a69675bc352fee9b469448906d5,UNRESOLVED,D:\reliable-training-control\results\main_supplement_20260501_054015\main_cifar10_resnet18__main_supplement_20260501_054015\cosine\seed_5\summary.json,false,none,"Invalidated by corrected protocol: historical validation inherited random training augmentation, and the shared reliability counter made reliability-based stopping unreachable (historical artifacts complete)."
cifar10,resnet18,plateau,1,d7373b34fb756c2f7828986f1be1e56513f36ab8fdae96d876c95dd3b6d9838c,99b489a075b52c477efc94aeccf17190a6a0f2ee7b00a3a8ce55bf5a9d1636d4,c076d3a164d0e93a5a56beaf4777c1bc855b4ca406a45be9bf59f34ba48576a1,UNRESOLVED,D:\reliable-training-control\results\main_supplement_20260501_054015\main_cifar10_resnet18__main_supplement_20260501_054015\plateau\seed_1\summary.json,false,none,"Invalidated by corrected protocol: historical validation inherited random training augmentation, and the shared reliability counter made reliability-based stopping unreachable (historical artifacts complete)."
cifar10,resnet18,plateau,2,5449a22e5d6c6b9bdf38b4a0cfee3ef596ac017b9c03a554a57e26db488072c3,6b62938de6bf5c006ed593051f655a3b348a43f3889fc2610a055143b9e74149,34c27e1acefb25d4e3ea3f1b3d3158114a8a677e2489fc48b3ac07c2b4c0dc87,UNRESOLVED,D:\reliable-training-control\results\main_supplement_20260501_054015\main_cifar10_resnet18__main_supplement_20260501_054015\plateau\seed_2\summary.json,false,none,"Invalidated by corrected protocol: historical validation inherited random training augmentation, and the shared reliability counter made reliability-based stopping unreachable (historical artifacts complete)."
cifar10,resnet18,plateau,3,eadc5a4423948ff5fbe2c200b17cf583a1c456b646174c03f75f65c4bb19549a,20f3d61bf4b212604f8dfc2eca191907490af820f7f65b2975157d8ca6a1e043,f5cd48743d3f50c5289e484eec1c79091905876cd136ad3e65c3e2885c321399,UNRESOLVED,D:\reliable-training-control\results\main_supplement_20260501_054015\main_cifar10_resnet18__main_supplement_20260501_054015\plateau\seed_3\summary.json,false,none,"Invalidated by corrected protocol: historical validation inherited random training augmentation, and the shared reliability counter made reliability-based stopping unreachable (historical artifacts complete)."
cifar10,resnet18,plateau,4,b62316f1355e5a40d4f0e75550ecdaccef889bac8dafba43932449a23a8d77cc,a284564687954174b1509d17984e2b25033ab2c451fc02598b53ad32831e3b70,4766ca9142b00e37ddcfc68f3662f9eec46f2bc47afdf28c6c0d94a415d9f5f3,UNRESOLVED,D:\reliable-training-control\results\main_supplement_20260501_054015\main_cifar10_resnet18__main_supplement_20260501_054015\plateau\seed_4\summary.json,false,none,"Invalidated by corrected protocol: historical validation inherited random training augmentation, and the shared reliability counter made reliability-based stopping unreachable (historical artifacts complete)."
cifar10,resnet18,plateau,5,b45d3b2cd09b556162511647a951bf9525d40b242d5bc781935547ce75511e67,46363a38f57e5cbeec1b92e9403900b1bb59e28178b00d7c537e2a753c4f6125,c7982cce121fe0a64066fdae38c04b6244d55a69675bc352fee9b469448906d5,UNRESOLVED,D:\reliable-training-control\results\main_supplement_20260501_054015\main_cifar10_resnet18__main_supplement_20260501_054015\plateau\seed_5\summary.json,false,none,"Invalidated by corrected protocol: historical validation inherited random training augmentation, and the shared reliability counter made reliability-based stopping unreachable (historical artifacts complete)."
cifar10,resnet18,reliability_val_loss_only,1,0a3d4e136f3087269993ad45d2f813d5e06e87446fa17c6eaf8080621bd5cbe4,99b489a075b52c477efc94aeccf17190a6a0f2ee7b00a3a8ce55bf5a9d1636d4,c076d3a164d0e93a5a56beaf4777c1bc855b4ca406a45be9bf59f34ba48576a1,UNRESOLVED,UNRESOLVED,false,none,"Invalidated by corrected protocol: historical validation inherited random training augmentation, and the shared reliability counter made reliability-based stopping unreachable (no completed historical run)."
cifar10,resnet18,reliability_val_loss_only,2,4c0256d9ecf97224db0dbd0e31b569d0272b903f777278341f2a947912fdf1c1,6b62938de6bf5c006ed593051f655a3b348a43f3889fc2610a055143b9e74149,34c27e1acefb25d4e3ea3f1b3d3158114a8a677e2489fc48b3ac07c2b4c0dc87,UNRESOLVED,UNRESOLVED,false,none,"Invalidated by corrected protocol: historical validation inherited random training augmentation, and the shared reliability counter made reliability-based stopping unreachable (no completed historical run)."
cifar10,resnet18,reliability_val_loss_only,3,5244d044f8bbedd99a2181b8825c35416ad4429fa4d3ff230f85c4a2e8b6312e,20f3d61bf4b212604f8dfc2eca191907490af820f7f65b2975157d8ca6a1e043,f5cd48743d3f50c5289e484eec1c79091905876cd136ad3e65c3e2885c321399,UNRESOLVED,UNRESOLVED,false,none,"Invalidated by corrected protocol: historical validation inherited random training augmentation, and the shared reliability counter made reliability-based stopping unreachable (no completed historical run)."
cifar10,resnet18,reliability_val_loss_only,4,ed9eb13f6f9cf0daddc37c00109cddc81be7eb879c20d4ecccd66be8f613624a,a284564687954174b1509d17984e2b25033ab2c451fc02598b53ad32831e3b70,4766ca9142b00e37ddcfc68f3662f9eec46f2bc47afdf28c6c0d94a415d9f5f3,UNRESOLVED,UNRESOLVED,false,none,"Invalidated by corrected protocol: historical validation inherited random training augmentation, and the shared reliability counter made reliability-based stopping unreachable (no completed historical run)."
cifar10,resnet18,reliability_val_loss_only,5,02c09f193ba84da1991b2fa555caa9cb619fc6de1830cd43d68fdf16a7551976,46363a38f57e5cbeec1b92e9403900b1bb59e28178b00d7c537e2a753c4f6125,c7982cce121fe0a64066fdae38c04b6244d55a69675bc352fee9b469448906d5,UNRESOLVED,UNRESOLVED,false,none,"Invalidated by corrected protocol: historical validation inherited random training augmentation, and the shared reliability counter made reliability-based stopping unreachable (no completed historical run)."
cifar10,resnet18,reliability,1,1646b01175e7f8a4acb27f78f12edc4fc08eeb174367db6f366919adf2786a11,99b489a075b52c477efc94aeccf17190a6a0f2ee7b00a3a8ce55bf5a9d1636d4,c076d3a164d0e93a5a56beaf4777c1bc855b4ca406a45be9bf59f34ba48576a1,UNRESOLVED,D:\reliable-training-control\results\main_supplement_20260501_054015\main_cifar10_resnet18__main_supplement_20260501_054015\reliability\seed_1\summary.json,false,none,"Invalidated by corrected protocol: historical validation inherited random training augmentation, and the shared reliability counter made reliability-based stopping unreachable (historical artifacts complete)."
cifar10,resnet18,reliability,2,20695af3310817e40e38e898255d87da7fd2cb08b5ec6c913b8d2f003e3e0059,6b62938de6bf5c006ed593051f655a3b348a43f3889fc2610a055143b9e74149,34c27e1acefb25d4e3ea3f1b3d3158114a8a677e2489fc48b3ac07c2b4c0dc87,UNRESOLVED,D:\reliable-training-control\results\main_supplement_20260501_054015\main_cifar10_resnet18__main_supplement_20260501_054015\reliability\seed_2\summary.json,false,none,"Invalidated by corrected protocol: historical validation inherited random training augmentation, and the shared reliability counter made reliability-based stopping unreachable (historical artifacts complete)."
cifar10,resnet18,reliability,3,57893aae199d66ea4f864e6ef8f053cb9aa530f363277d5d7f48420cf36f2ca1,20f3d61bf4b212604f8dfc2eca191907490af820f7f65b2975157d8ca6a1e043,f5cd48743d3f50c5289e484eec1c79091905876cd136ad3e65c3e2885c321399,UNRESOLVED,D:\reliable-training-control\results\main_supplement_20260501_054015\main_cifar10_resnet18__main_supplement_20260501_054015\reliability\seed_3\summary.json,false,none,"Invalidated by corrected protocol: historical validation inherited random training augmentation, and the shared reliability counter made reliability-based stopping unreachable (historical artifacts complete)."
cifar10,resnet18,reliability,4,f37dc6a18785745f8704a7d43b14d596a7f11eb10f7b4848855c424b590baa1b,a284564687954174b1509d17984e2b25033ab2c451fc02598b53ad32831e3b70,4766ca9142b00e37ddcfc68f3662f9eec46f2bc47afdf28c6c0d94a415d9f5f3,UNRESOLVED,D:\reliable-training-control\results\main_supplement_20260501_054015\main_cifar10_resnet18__main_supplement_20260501_054015\reliability\seed_4\summary.json,false,none,"Invalidated by corrected protocol: historical validation inherited random training augmentation, and the shared reliability counter made reliability-based stopping unreachable (historical artifacts complete)."
cifar10,resnet18,reliability,5,5b1a94ac5d9bc214710f9636d837fd04c62544152c00f64d92891fe1a0da5c7f,46363a38f57e5cbeec1b92e9403900b1bb59e28178b00d7c537e2a753c4f6125,c7982cce121fe0a64066fdae38c04b6244d55a69675bc352fee9b469448906d5,UNRESOLVED,D:\reliable-training-control\results\main_supplement_20260501_054015\main_cifar10_resnet18__main_supplement_20260501_054015\reliability\seed_5\summary.json,false,none,"Invalidated by corrected protocol: historical validation inherited random training augmentation, and the shared reliability counter made reliability-based stopping unreachable (historical artifacts complete)."
cifar100,resnet18,step,1,f70b7d064b2393ad2d01dc245b46c8e69093ffbfc47843800c44366a52ca98c6,99b489a075b52c477efc94aeccf17190a6a0f2ee7b00a3a8ce55bf5a9d1636d4,a5278d48fa33dd26720b29f3ed0da97af88508a9391d0f971488ff14eec35141,UNRESOLVED,D:\reliable-training-control\results\main_supplement_20260501_054015\main_cifar100_resnet18__main_supplement_20260501_054015\step\seed_1\summary.json,false,none,"Invalidated by corrected protocol: historical validation inherited random training augmentation, and the shared reliability counter made reliability-based stopping unreachable (historical artifacts complete)."
cifar100,resnet18,step,2,56efdb88f361ff044a0135a8e6bb37e133b6d9e41028dc7d431817e915186b25,6b62938de6bf5c006ed593051f655a3b348a43f3889fc2610a055143b9e74149,15ea888fdff76378ceb2f4c0a752b9f4c0efc4bbaac27b30f9c0d5007bf638e6,UNRESOLVED,D:\reliable-training-control\results\main_supplement_20260501_054015\main_cifar100_resnet18__main_supplement_20260501_054015\step\seed_2\summary.json,false,none,"Invalidated by corrected protocol: historical validation inherited random training augmentation, and the shared reliability counter made reliability-based stopping unreachable (historical artifacts complete)."
cifar100,resnet18,step,3,a31e462b7fa340fe3a98ae07ad9031fa7b3496a81dfffd3dd59aa7ec2ed9b214,20f3d61bf4b212604f8dfc2eca191907490af820f7f65b2975157d8ca6a1e043,5e9d9a7a14d9052736622b66aed47ea9fa60f041feaa3ef19c16cc695fdb1089,UNRESOLVED,D:\reliable-training-control\results\main_supplement_20260501_054015\main_cifar100_resnet18__main_supplement_20260501_054015\step\seed_3\summary.json,false,none,"Invalidated by corrected protocol: historical validation inherited random training augmentation, and the shared reliability counter made reliability-based stopping unreachable (historical artifacts complete)."
cifar100,resnet18,step,4,3776f429f69f9428c7a8ee8ec3b42c5b0ba96b8c72a931721c539752e119cfea,a284564687954174b1509d17984e2b25033ab2c451fc02598b53ad32831e3b70,6b13c21aff24a99c1bb0e61cfc3591d226c43fd68e228c3ddc6c640b9b0afdb1,UNRESOLVED,D:\reliable-training-control\results\main_supplement_20260501_054015\main_cifar100_resnet18__main_supplement_20260501_054015\step\seed_4\summary.json,false,none,"Invalidated by corrected protocol: historical validation inherited random training augmentation, and the shared reliability counter made reliability-based stopping unreachable (historical artifacts complete)."
cifar100,resnet18,step,5,398f6b0dc610cf163d7cf7c12403f05c1306b2df2f5f7d3c55cc53cce4f2dbe6,46363a38f57e5cbeec1b92e9403900b1bb59e28178b00d7c537e2a753c4f6125,3d39df8ab7aa3cb0acce3c8656dc865643a9425f117558e833dda2b0abcc35ec,UNRESOLVED,D:\reliable-training-control\results\main_supplement_20260501_054015\main_cifar100_resnet18__main_supplement_20260501_054015\step\seed_5\summary.json,false,none,"Invalidated by corrected protocol: historical validation inherited random training augmentation, and the shared reliability counter made reliability-based stopping unreachable (historical artifacts complete)."
cifar100,resnet18,cosine,1,9bc3d25bc6f831e30fc27e125eaaf9bab71449000f2cda9626924107077056dc,99b489a075b52c477efc94aeccf17190a6a0f2ee7b00a3a8ce55bf5a9d1636d4,a5278d48fa33dd26720b29f3ed0da97af88508a9391d0f971488ff14eec35141,UNRESOLVED,D:\reliable-training-control\results\main_supplement_20260501_054015\main_cifar100_resnet18__main_supplement_20260501_054015\cosine\seed_1\summary.json,false,none,"Invalidated by corrected protocol: historical validation inherited random training augmentation, and the shared reliability counter made reliability-based stopping unreachable (historical artifacts complete)."
cifar100,resnet18,cosine,2,c6e7b22c3b375bd15f4d72c2948f2d87a545945b75b02b1dc102f795de78c009,6b62938de6bf5c006ed593051f655a3b348a43f3889fc2610a055143b9e74149,15ea888fdff76378ceb2f4c0a752b9f4c0efc4bbaac27b30f9c0d5007bf638e6,UNRESOLVED,D:\reliable-training-control\results\main_supplement_20260501_054015\main_cifar100_resnet18__main_supplement_20260501_054015\cosine\seed_2\summary.json,false,none,"Invalidated by corrected protocol: historical validation inherited random training augmentation, and the shared reliability counter made reliability-based stopping unreachable (historical artifacts complete)."
cifar100,resnet18,cosine,3,7cf3df73af461e3fb0024e2750c52c5692cabb017d71ceb2c8eb192714fc1aa6,20f3d61bf4b212604f8dfc2eca191907490af820f7f65b2975157d8ca6a1e043,5e9d9a7a14d9052736622b66aed47ea9fa60f041feaa3ef19c16cc695fdb1089,UNRESOLVED,D:\reliable-training-control\results\main_supplement_20260501_054015\main_cifar100_resnet18__main_supplement_20260501_054015\cosine\seed_3\summary.json,false,none,"Invalidated by corrected protocol: historical validation inherited random training augmentation, and the shared reliability counter made reliability-based stopping unreachable (historical artifacts complete)."
cifar100,resnet18,cosine,4,fd1770dbbdf6cd28e5542b1b6a334df42e2f4d8169341707e4d69c340c27f6b1,a284564687954174b1509d17984e2b25033ab2c451fc02598b53ad32831e3b70,6b13c21aff24a99c1bb0e61cfc3591d226c43fd68e228c3ddc6c640b9b0afdb1,UNRESOLVED,D:\reliable-training-control\results\main_supplement_20260501_054015\main_cifar100_resnet18__main_supplement_20260501_054015\cosine\seed_4\summary.json,false,none,"Invalidated by corrected protocol: historical validation inherited random training augmentation, and the shared reliability counter made reliability-based stopping unreachable (historical artifacts complete)."
cifar100,resnet18,cosine,5,53e20d506c4447c94b9743bf7e724a0d1eb1a00da49495fb3401d1dd26a6ba79,46363a38f57e5cbeec1b92e9403900b1bb59e28178b00d7c537e2a753c4f6125,3d39df8ab7aa3cb0acce3c8656dc865643a9425f117558e833dda2b0abcc35ec,UNRESOLVED,D:\reliable-training-control\results\main_supplement_20260501_054015\main_cifar100_resnet18__main_supplement_20260501_054015\cosine\seed_5\summary.json,false,none,"Invalidated by corrected protocol: historical validation inherited random training augmentation, and the shared reliability counter made reliability-based stopping unreachable (historical artifacts complete)."
cifar100,resnet18,plateau,1,5a616143626c1d5c4690072a60aad4601dc9d316fcfd2bdf685ad5a6f8495fd6,99b489a075b52c477efc94aeccf17190a6a0f2ee7b00a3a8ce55bf5a9d1636d4,a5278d48fa33dd26720b29f3ed0da97af88508a9391d0f971488ff14eec35141,UNRESOLVED,D:\reliable-training-control\results\main_supplement_20260501_054015\main_cifar100_resnet18__main_supplement_20260501_054015\plateau\seed_1\summary.json,false,none,"Invalidated by corrected protocol: historical validation inherited random training augmentation, and the shared reliability counter made reliability-based stopping unreachable (historical artifacts complete)."
cifar100,resnet18,plateau,2,aa4ab027d6dbcfb39cdce4187cabd9f83bca8ad6f4a45d5fbcfb8992c003b451,6b62938de6bf5c006ed593051f655a3b348a43f3889fc2610a055143b9e74149,15ea888fdff76378ceb2f4c0a752b9f4c0efc4bbaac27b30f9c0d5007bf638e6,UNRESOLVED,D:\reliable-training-control\results\main_supplement_20260501_054015\main_cifar100_resnet18__main_supplement_20260501_054015\plateau\seed_2\summary.json,false,none,"Invalidated by corrected protocol: historical validation inherited random training augmentation, and the shared reliability counter made reliability-based stopping unreachable (historical artifacts complete)."
cifar100,resnet18,plateau,3,b9888bc128e9fe51aaefa8276fca74230feb88512e5d7cd7fb390be003df82b5,20f3d61bf4b212604f8dfc2eca191907490af820f7f65b2975157d8ca6a1e043,5e9d9a7a14d9052736622b66aed47ea9fa60f041feaa3ef19c16cc695fdb1089,UNRESOLVED,D:\reliable-training-control\results\main_supplement_20260501_054015\main_cifar100_resnet18__main_supplement_20260501_054015\plateau\seed_3\summary.json,false,none,"Invalidated by corrected protocol: historical validation inherited random training augmentation, and the shared reliability counter made reliability-based stopping unreachable (historical artifacts complete)."
cifar100,resnet18,plateau,4,54b28788decc3101f95d38c4d1b3997636f895d15ec77e0b733fe199c36b2b9e,a284564687954174b1509d17984e2b25033ab2c451fc02598b53ad32831e3b70,6b13c21aff24a99c1bb0e61cfc3591d226c43fd68e228c3ddc6c640b9b0afdb1,UNRESOLVED,D:\reliable-training-control\results\main_supplement_20260501_054015\main_cifar100_resnet18__main_supplement_20260501_054015\plateau\seed_4\summary.json,false,none,"Invalidated by corrected protocol: historical validation inherited random training augmentation, and the shared reliability counter made reliability-based stopping unreachable (historical artifacts complete)."
cifar100,resnet18,plateau,5,80f0f48770e706144473228b2b647698fab057138d0d7d1aa6f016881cb5f76b,46363a38f57e5cbeec1b92e9403900b1bb59e28178b00d7c537e2a753c4f6125,3d39df8ab7aa3cb0acce3c8656dc865643a9425f117558e833dda2b0abcc35ec,UNRESOLVED,D:\reliable-training-control\results\main_supplement_20260501_054015\main_cifar100_resnet18__main_supplement_20260501_054015\plateau\seed_5\summary.json,false,none,"Invalidated by corrected protocol: historical validation inherited random training augmentation, and the shared reliability counter made reliability-based stopping unreachable (historical artifacts complete)."
cifar100,resnet18,reliability_val_loss_only,1,3afa705ca74f73569e16be83efb7db8829c446551097f4f87fb15c6ef4471527,99b489a075b52c477efc94aeccf17190a6a0f2ee7b00a3a8ce55bf5a9d1636d4,a5278d48fa33dd26720b29f3ed0da97af88508a9391d0f971488ff14eec35141,UNRESOLVED,UNRESOLVED,false,none,"Invalidated by corrected protocol: historical validation inherited random training augmentation, and the shared reliability counter made reliability-based stopping unreachable (no completed historical run)."
cifar100,resnet18,reliability_val_loss_only,2,027e61c1351c284db6618b913d58fb51fcc71758c961fc3a3e0b43f94cc03b14,6b62938de6bf5c006ed593051f655a3b348a43f3889fc2610a055143b9e74149,15ea888fdff76378ceb2f4c0a752b9f4c0efc4bbaac27b30f9c0d5007bf638e6,UNRESOLVED,UNRESOLVED,false,none,"Invalidated by corrected protocol: historical validation inherited random training augmentation, and the shared reliability counter made reliability-based stopping unreachable (no completed historical run)."
cifar100,resnet18,reliability_val_loss_only,3,30976a0023983e55463f1ce1d05bb54b4438d13d51a72e35b82eac3aabfcfcdc,20f3d61bf4b212604f8dfc2eca191907490af820f7f65b2975157d8ca6a1e043,5e9d9a7a14d9052736622b66aed47ea9fa60f041feaa3ef19c16cc695fdb1089,UNRESOLVED,UNRESOLVED,false,none,"Invalidated by corrected protocol: historical validation inherited random training augmentation, and the shared reliability counter made reliability-based stopping unreachable (no completed historical run)."
cifar100,resnet18,reliability_val_loss_only,4,e12404ab881618979d55d40ae408c5e4a7166a18cf56b6852a77fc991b68e9d1,a284564687954174b1509d17984e2b25033ab2c451fc02598b53ad32831e3b70,6b13c21aff24a99c1bb0e61cfc3591d226c43fd68e228c3ddc6c640b9b0afdb1,UNRESOLVED,UNRESOLVED,false,none,"Invalidated by corrected protocol: historical validation inherited random training augmentation, and the shared reliability counter made reliability-based stopping unreachable (no completed historical run)."
cifar100,resnet18,reliability_val_loss_only,5,c00e3a5c2afa37dffcb1cb387015c0656f9124d72296cd9b7ba5389b3a07f560,46363a38f57e5cbeec1b92e9403900b1bb59e28178b00d7c537e2a753c4f6125,3d39df8ab7aa3cb0acce3c8656dc865643a9425f117558e833dda2b0abcc35ec,UNRESOLVED,UNRESOLVED,false,none,"Invalidated by corrected protocol: historical validation inherited random training augmentation, and the shared reliability counter made reliability-based stopping unreachable (no completed historical run)."
cifar100,resnet18,reliability,1,b61954632ace49e41c58d9752c7b653f7999bd5924c59a0f1243dc6609dabe8f,99b489a075b52c477efc94aeccf17190a6a0f2ee7b00a3a8ce55bf5a9d1636d4,a5278d48fa33dd26720b29f3ed0da97af88508a9391d0f971488ff14eec35141,UNRESOLVED,D:\reliable-training-control\results\main_supplement_20260501_054015\main_cifar100_resnet18__main_supplement_20260501_054015\reliability\seed_1\summary.json,false,none,"Invalidated by corrected protocol: historical validation inherited random training augmentation, and the shared reliability counter made reliability-based stopping unreachable (historical artifacts complete)."
cifar100,resnet18,reliability,2,3d023c190d9d71fe6fe9043dddc32fcdbca0b18c2d294ff98abfb39b3a95847f,6b62938de6bf5c006ed593051f655a3b348a43f3889fc2610a055143b9e74149,15ea888fdff76378ceb2f4c0a752b9f4c0efc4bbaac27b30f9c0d5007bf638e6,UNRESOLVED,D:\reliable-training-control\results\main_supplement_20260501_054015\main_cifar100_resnet18__main_supplement_20260501_054015\reliability\seed_2\summary.json,false,none,"Invalidated by corrected protocol: historical validation inherited random training augmentation, and the shared reliability counter made reliability-based stopping unreachable (historical artifacts complete)."
cifar100,resnet18,reliability,3,3eb02c848b1cfbd1a85965c38f78e4b1362b3f860dd12cd51736d478e0496633,20f3d61bf4b212604f8dfc2eca191907490af820f7f65b2975157d8ca6a1e043,5e9d9a7a14d9052736622b66aed47ea9fa60f041feaa3ef19c16cc695fdb1089,UNRESOLVED,D:\reliable-training-control\results\main_supplement_20260501_054015\main_cifar100_resnet18__main_supplement_20260501_054015\reliability\seed_3\summary.json,false,none,"Invalidated by corrected protocol: historical validation inherited random training augmentation, and the shared reliability counter made reliability-based stopping unreachable (historical artifacts complete)."
cifar100,resnet18,reliability,4,e7fff6cc355ccba77be7b3beb5c8dd218f8886c761695fac92d16c0fb9df819f,a284564687954174b1509d17984e2b25033ab2c451fc02598b53ad32831e3b70,6b13c21aff24a99c1bb0e61cfc3591d226c43fd68e228c3ddc6c640b9b0afdb1,UNRESOLVED,D:\reliable-training-control\results\main_supplement_20260501_054015\main_cifar100_resnet18__main_supplement_20260501_054015\reliability\seed_4\summary.json,false,none,"Invalidated by corrected protocol: historical validation inherited random training augmentation, and the shared reliability counter made reliability-based stopping unreachable (historical artifacts complete)."
cifar100,resnet18,reliability,5,e980569ecc5332a2340ec89d9924588dcf74fc6d76ba013158191b0af3a028f0,46363a38f57e5cbeec1b92e9403900b1bb59e28178b00d7c537e2a753c4f6125,3d39df8ab7aa3cb0acce3c8656dc865643a9425f117558e833dda2b0abcc35ec,UNRESOLVED,D:\reliable-training-control\results\main_supplement_20260501_054015\main_cifar100_resnet18__main_supplement_20260501_054015\reliability\seed_5\summary.json,false,none,"Invalidated by corrected protocol: historical validation inherited random training augmentation, and the shared reliability counter made reliability-based stopping unreachable (historical artifacts complete)."
cifar10,resnet50,step,1,2e46e87f51c4ff59d59f8864c9ace165119e58fd930440fd65b7982d852c11f8,99b489a075b52c477efc94aeccf17190a6a0f2ee7b00a3a8ce55bf5a9d1636d4,b599c7e78bb2986006b5822f62248c55f9786e4f03f02277d9177092c844dfe3,UNRESOLVED,D:\reliable-training-control\results\main_supplement_20260501_054015\supp_cifar10_resnet50__main_supplement_20260501_054015\step\seed_1\summary.json,false,none,"Invalidated by corrected protocol: historical validation inherited random training augmentation, and the shared reliability counter made reliability-based stopping unreachable (historical artifacts complete)."
cifar10,resnet50,step,2,88200df678ddc2ac84f75398e2ac8ac0058c8e44db7416542b698534fd8a46fc,6b62938de6bf5c006ed593051f655a3b348a43f3889fc2610a055143b9e74149,a5f145f15e566ad43ed0c7bf3eda4e1648bfc3b1a53a3dd1771612d52f6fd9bc,UNRESOLVED,D:\reliable-training-control\results\main_supplement_20260501_054015\supp_cifar10_resnet50__main_supplement_20260501_054015\step\seed_2\summary.json,false,none,"Invalidated by corrected protocol: historical validation inherited random training augmentation, and the shared reliability counter made reliability-based stopping unreachable (historical artifacts complete)."
cifar10,resnet50,step,3,7b6c3ec115ba4bfe97ffcbfd03c1e3978695d646764949476f3858eefd27b026,20f3d61bf4b212604f8dfc2eca191907490af820f7f65b2975157d8ca6a1e043,b3df7a550c7e98b000af39cbe7d63b92147c0c23098929455063e6af73ad2061,UNRESOLVED,D:\reliable-training-control\results\main_supplement_20260501_054015\supp_cifar10_resnet50__main_supplement_20260501_054015\step\seed_3\summary.json,false,none,"Invalidated by corrected protocol: historical validation inherited random training augmentation, and the shared reliability counter made reliability-based stopping unreachable (historical artifacts complete)."
cifar10,resnet50,step,4,aa61f23630dd05a70f4d3d41aaeb8d1520c40a333051f7829b13cbdb8200d6ff,a284564687954174b1509d17984e2b25033ab2c451fc02598b53ad32831e3b70,25fce55960ca95dab50dc21f6411b1422ac274107e48268b1480e8f05101cba2,UNRESOLVED,UNRESOLVED,false,none,"Invalidated by corrected protocol: historical validation inherited random training augmentation, and the shared reliability counter made reliability-based stopping unreachable (no completed historical run)."
cifar10,resnet50,step,5,58663de9e20590393af95a28c1912d155ebf4a0a96d3864188da9eee776b9730,46363a38f57e5cbeec1b92e9403900b1bb59e28178b00d7c537e2a753c4f6125,f779783e32d4ef589b3407c9a68f02a505a2fa8ebd69824b732f5e77d0848a72,UNRESOLVED,UNRESOLVED,false,none,"Invalidated by corrected protocol: historical validation inherited random training augmentation, and the shared reliability counter made reliability-based stopping unreachable (no completed historical run)."
cifar10,resnet50,cosine,1,54417831a14bef81d06d53b37a48fd7be2a47bf551485cd589dc90705e77567e,99b489a075b52c477efc94aeccf17190a6a0f2ee7b00a3a8ce55bf5a9d1636d4,b599c7e78bb2986006b5822f62248c55f9786e4f03f02277d9177092c844dfe3,UNRESOLVED,D:\reliable-training-control\results\main_supplement_20260501_054015\supp_cifar10_resnet50__main_supplement_20260501_054015\cosine\seed_1\summary.json,false,none,"Invalidated by corrected protocol: historical validation inherited random training augmentation, and the shared reliability counter made reliability-based stopping unreachable (historical artifacts complete)."
cifar10,resnet50,cosine,2,c8ab1f02ce372601b6f2bc2837a0584a82a2ec90c16933bd58da554fe997064e,6b62938de6bf5c006ed593051f655a3b348a43f3889fc2610a055143b9e74149,a5f145f15e566ad43ed0c7bf3eda4e1648bfc3b1a53a3dd1771612d52f6fd9bc,UNRESOLVED,D:\reliable-training-control\results\main_supplement_20260501_054015\supp_cifar10_resnet50__main_supplement_20260501_054015\cosine\seed_2\summary.json,false,none,"Invalidated by corrected protocol: historical validation inherited random training augmentation, and the shared reliability counter made reliability-based stopping unreachable (historical artifacts complete)."
cifar10,resnet50,cosine,3,3ca514ea6cb915da38b725091c44b794e190aa6ee61b56e06520f426cc1b33a6,20f3d61bf4b212604f8dfc2eca191907490af820f7f65b2975157d8ca6a1e043,b3df7a550c7e98b000af39cbe7d63b92147c0c23098929455063e6af73ad2061,UNRESOLVED,D:\reliable-training-control\results\main_supplement_20260501_054015\supp_cifar10_resnet50__main_supplement_20260501_054015\cosine\seed_3\summary.json,false,none,"Invalidated by corrected protocol: historical validation inherited random training augmentation, and the shared reliability counter made reliability-based stopping unreachable (historical artifacts complete)."
cifar10,resnet50,cosine,4,35b511d9486917244f9204a2f0cb2e031bda8b37b1de49004fce1eae28da52fa,a284564687954174b1509d17984e2b25033ab2c451fc02598b53ad32831e3b70,25fce55960ca95dab50dc21f6411b1422ac274107e48268b1480e8f05101cba2,UNRESOLVED,UNRESOLVED,false,none,"Invalidated by corrected protocol: historical validation inherited random training augmentation, and the shared reliability counter made reliability-based stopping unreachable (no completed historical run)."
cifar10,resnet50,cosine,5,25367b2c72de27e9ca8e70c3c20ab2289b603df86c45db4846730ed1c3746a1b,46363a38f57e5cbeec1b92e9403900b1bb59e28178b00d7c537e2a753c4f6125,f779783e32d4ef589b3407c9a68f02a505a2fa8ebd69824b732f5e77d0848a72,UNRESOLVED,UNRESOLVED,false,none,"Invalidated by corrected protocol: historical validation inherited random training augmentation, and the shared reliability counter made reliability-based stopping unreachable (no completed historical run)."
cifar10,resnet50,plateau,1,90611ffc5efa21f7bfed8f087865339ff9abd6d2299d5f1857bad470a975d5a3,99b489a075b52c477efc94aeccf17190a6a0f2ee7b00a3a8ce55bf5a9d1636d4,b599c7e78bb2986006b5822f62248c55f9786e4f03f02277d9177092c844dfe3,UNRESOLVED,D:\reliable-training-control\results\main_supplement_20260501_054015\supp_cifar10_resnet50__main_supplement_20260501_054015\plateau\seed_1\summary.json,false,none,"Invalidated by corrected protocol: historical validation inherited random training augmentation, and the shared reliability counter made reliability-based stopping unreachable (historical artifacts complete)."
cifar10,resnet50,plateau,2,f8195d148480bca67b6c65fdbe8e75199b6ab1e4447baa12bfffe2c41605caeb,6b62938de6bf5c006ed593051f655a3b348a43f3889fc2610a055143b9e74149,a5f145f15e566ad43ed0c7bf3eda4e1648bfc3b1a53a3dd1771612d52f6fd9bc,UNRESOLVED,D:\reliable-training-control\results\main_supplement_20260501_054015\supp_cifar10_resnet50__main_supplement_20260501_054015\plateau\seed_2\summary.json,false,none,"Invalidated by corrected protocol: historical validation inherited random training augmentation, and the shared reliability counter made reliability-based stopping unreachable (historical artifacts complete)."
cifar10,resnet50,plateau,3,22af982c395fd9a67186f02da1b6c23854b69fb30ad7fa47e8ec8af65cae5fb9,20f3d61bf4b212604f8dfc2eca191907490af820f7f65b2975157d8ca6a1e043,b3df7a550c7e98b000af39cbe7d63b92147c0c23098929455063e6af73ad2061,UNRESOLVED,D:\reliable-training-control\results\main_supplement_20260501_054015\supp_cifar10_resnet50__main_supplement_20260501_054015\plateau\seed_3\summary.json,false,none,"Invalidated by corrected protocol: historical validation inherited random training augmentation, and the shared reliability counter made reliability-based stopping unreachable (historical artifacts complete)."
cifar10,resnet50,plateau,4,595f42a5a216213dbc8bb1bcb22a3d0c160db8f2edb5c245972aab75b9c169af,a284564687954174b1509d17984e2b25033ab2c451fc02598b53ad32831e3b70,25fce55960ca95dab50dc21f6411b1422ac274107e48268b1480e8f05101cba2,UNRESOLVED,UNRESOLVED,false,none,"Invalidated by corrected protocol: historical validation inherited random training augmentation, and the shared reliability counter made reliability-based stopping unreachable (no completed historical run)."
cifar10,resnet50,plateau,5,3a9982c145559c3050f760d821445f460ccb3a0bb8e6d79fb57d5f16c1f0ef52,46363a38f57e5cbeec1b92e9403900b1bb59e28178b00d7c537e2a753c4f6125,f779783e32d4ef589b3407c9a68f02a505a2fa8ebd69824b732f5e77d0848a72,UNRESOLVED,UNRESOLVED,false,none,"Invalidated by corrected protocol: historical validation inherited random training augmentation, and the shared reliability counter made reliability-based stopping unreachable (no completed historical run)."
cifar10,resnet50,reliability_val_loss_only,1,8354cae1e6b229933932f6ddda1b51626807394cf05fcf0a58c2c6a6e60fc6a0,99b489a075b52c477efc94aeccf17190a6a0f2ee7b00a3a8ce55bf5a9d1636d4,b599c7e78bb2986006b5822f62248c55f9786e4f03f02277d9177092c844dfe3,UNRESOLVED,UNRESOLVED,false,none,"Invalidated by corrected protocol: historical validation inherited random training augmentation, and the shared reliability counter made reliability-based stopping unreachable (no completed historical run)."
cifar10,resnet50,reliability_val_loss_only,2,775241b95647f1162f3cf23a1fec38391fdbffca7efc9be6946eff8c0ffce6f2,6b62938de6bf5c006ed593051f655a3b348a43f3889fc2610a055143b9e74149,a5f145f15e566ad43ed0c7bf3eda4e1648bfc3b1a53a3dd1771612d52f6fd9bc,UNRESOLVED,UNRESOLVED,false,none,"Invalidated by corrected protocol: historical validation inherited random training augmentation, and the shared reliability counter made reliability-based stopping unreachable (no completed historical run)."
cifar10,resnet50,reliability_val_loss_only,3,57228418093074a2a9fa80af296d55c180675c1789b1d4d2fabbbe537d0f8671,20f3d61bf4b212604f8dfc2eca191907490af820f7f65b2975157d8ca6a1e043,b3df7a550c7e98b000af39cbe7d63b92147c0c23098929455063e6af73ad2061,UNRESOLVED,UNRESOLVED,false,none,"Invalidated by corrected protocol: historical validation inherited random training augmentation, and the shared reliability counter made reliability-based stopping unreachable (no completed historical run)."
cifar10,resnet50,reliability_val_loss_only,4,67d92a6968befec16db03ef0e299f941f076568948f3a459105a40ffa34eb9f0,a284564687954174b1509d17984e2b25033ab2c451fc02598b53ad32831e3b70,25fce55960ca95dab50dc21f6411b1422ac274107e48268b1480e8f05101cba2,UNRESOLVED,UNRESOLVED,false,none,"Invalidated by corrected protocol: historical validation inherited random training augmentation, and the shared reliability counter made reliability-based stopping unreachable (no completed historical run)."
cifar10,resnet50,reliability_val_loss_only,5,f102f9f8f41cb7f5758babee5a2ec58139568e41ec79ec4168148b274f2e1af5,46363a38f57e5cbeec1b92e9403900b1bb59e28178b00d7c537e2a753c4f6125,f779783e32d4ef589b3407c9a68f02a505a2fa8ebd69824b732f5e77d0848a72,UNRESOLVED,UNRESOLVED,false,none,"Invalidated by corrected protocol: historical validation inherited random training augmentation, and the shared reliability counter made reliability-based stopping unreachable (no completed historical run)."
cifar10,resnet50,reliability,1,81d9d1a1fd07f3b2b90f5a826c205cae6c459cc06a007e2ef433f7addbd48a20,99b489a075b52c477efc94aeccf17190a6a0f2ee7b00a3a8ce55bf5a9d1636d4,b599c7e78bb2986006b5822f62248c55f9786e4f03f02277d9177092c844dfe3,UNRESOLVED,D:\reliable-training-control\results\main_supplement_20260501_054015\supp_cifar10_resnet50__main_supplement_20260501_054015\reliability\seed_1\summary.json,false,none,"Invalidated by corrected protocol: historical validation inherited random training augmentation, and the shared reliability counter made reliability-based stopping unreachable (historical artifacts complete)."
cifar10,resnet50,reliability,2,11937fcf775985819c2bcc346816b1eb7fa492e4bd50323d03933994f375cacb,6b62938de6bf5c006ed593051f655a3b348a43f3889fc2610a055143b9e74149,a5f145f15e566ad43ed0c7bf3eda4e1648bfc3b1a53a3dd1771612d52f6fd9bc,UNRESOLVED,D:\reliable-training-control\results\main_supplement_20260501_054015\supp_cifar10_resnet50__main_supplement_20260501_054015\reliability\seed_2\summary.json,false,none,"Invalidated by corrected protocol: historical validation inherited random training augmentation, and the shared reliability counter made reliability-based stopping unreachable (historical artifacts complete)."
cifar10,resnet50,reliability,3,5614b954f6c2a6f9fe0101c1a5bf150dce38a4f0c3484e2d1cb3943a73d55e88,20f3d61bf4b212604f8dfc2eca191907490af820f7f65b2975157d8ca6a1e043,b3df7a550c7e98b000af39cbe7d63b92147c0c23098929455063e6af73ad2061,UNRESOLVED,D:\reliable-training-control\results\main_supplement_20260501_054015\supp_cifar10_resnet50__main_supplement_20260501_054015\reliability\seed_3\summary.json,false,none,"Invalidated by corrected protocol: historical validation inherited random training augmentation, and the shared reliability counter made reliability-based stopping unreachable (historical artifacts complete)."
cifar10,resnet50,reliability,4,acc800484a2c65efe323e851f8a96842c01030b2349f4df923deb10545a136dc,a284564687954174b1509d17984e2b25033ab2c451fc02598b53ad32831e3b70,25fce55960ca95dab50dc21f6411b1422ac274107e48268b1480e8f05101cba2,UNRESOLVED,UNRESOLVED,false,none,"Invalidated by corrected protocol: historical validation inherited random training augmentation, and the shared reliability counter made reliability-based stopping unreachable (no completed historical run)."
cifar10,resnet50,reliability,5,61252d087fe049a578c7649c30e557236b0048756ed74bd254df655c32922e7c,46363a38f57e5cbeec1b92e9403900b1bb59e28178b00d7c537e2a753c4f6125,f779783e32d4ef589b3407c9a68f02a505a2fa8ebd69824b732f5e77d0848a72,UNRESOLVED,UNRESOLVED,false,none,"Invalidated by corrected protocol: historical validation inherited random training augmentation, and the shared reliability counter made reliability-based stopping unreachable (no completed historical run)."
cifar100,resnet50,step,1,75fc922dfd435558119a9aafa7a518568fcc46a0d379f30b4ea523b1aab1a353,99b489a075b52c477efc94aeccf17190a6a0f2ee7b00a3a8ce55bf5a9d1636d4,d21db131971c805c74c5f579458815b803935993bdafe0bd8dc918247bd03d17,UNRESOLVED,D:\reliable-training-control\results\main_supplement_20260501_054015\supp_cifar100_resnet50__main_supplement_20260501_054015\step\seed_1\summary.json,false,none,"Invalidated by corrected protocol: historical validation inherited random training augmentation, and the shared reliability counter made reliability-based stopping unreachable (historical artifacts complete)."
cifar100,resnet50,step,2,9d3235acbef29207346b6c7b4a6b7e80c9e587496398d6906f06c0f13810d9f7,6b62938de6bf5c006ed593051f655a3b348a43f3889fc2610a055143b9e74149,93560b1de3087c43d59f05f6a50273cddf0c134346fbf7483a142f4a029a8ec6,UNRESOLVED,D:\reliable-training-control\results\main_supplement_20260501_054015\supp_cifar100_resnet50__main_supplement_20260501_054015\step\seed_2\summary.json,false,none,"Invalidated by corrected protocol: historical validation inherited random training augmentation, and the shared reliability counter made reliability-based stopping unreachable (historical artifacts complete)."
cifar100,resnet50,step,3,80cebeeb2a7e5f05658196e1eb963f5c9e657518badfb5f8c238153c27fcc6ad,20f3d61bf4b212604f8dfc2eca191907490af820f7f65b2975157d8ca6a1e043,6bcacbfdae916a6c172fc42e47750838c6b34d58b6401483be7258271bb66bfe,UNRESOLVED,D:\reliable-training-control\results\main_supplement_20260501_054015\supp_cifar100_resnet50__main_supplement_20260501_054015\step\seed_3\summary.json,false,none,"Invalidated by corrected protocol: historical validation inherited random training augmentation, and the shared reliability counter made reliability-based stopping unreachable (historical artifacts complete)."
cifar100,resnet50,step,4,51d1216aead162ff01aeb630e9a698b4a8c8f95fb05f9ebba9a956f26526a7d7,a284564687954174b1509d17984e2b25033ab2c451fc02598b53ad32831e3b70,55783c29c3796230549640f37f4d26aed1caea5b1791282d3308caccec9c60b9,UNRESOLVED,UNRESOLVED,false,none,"Invalidated by corrected protocol: historical validation inherited random training augmentation, and the shared reliability counter made reliability-based stopping unreachable (no completed historical run)."
cifar100,resnet50,step,5,c4ffd454891d1d6e5a9549eb901ac3aef7f38423757a9ac61112d5a82be4813f,46363a38f57e5cbeec1b92e9403900b1bb59e28178b00d7c537e2a753c4f6125,4db1e69695e40472a9f733d26dd47169b90ff60ffbb2f9bc69ffa493b605bd4d,UNRESOLVED,UNRESOLVED,false,none,"Invalidated by corrected protocol: historical validation inherited random training augmentation, and the shared reliability counter made reliability-based stopping unreachable (no completed historical run)."
cifar100,resnet50,cosine,1,a29bca8a9db5869f7453049aab705b2e9f6267a10fbfd9a2b3d785dc9d80a20f,99b489a075b52c477efc94aeccf17190a6a0f2ee7b00a3a8ce55bf5a9d1636d4,d21db131971c805c74c5f579458815b803935993bdafe0bd8dc918247bd03d17,UNRESOLVED,D:\reliable-training-control\results\main_supplement_20260501_054015\supp_cifar100_resnet50__main_supplement_20260501_054015\cosine\seed_1\summary.json,false,none,"Invalidated by corrected protocol: historical validation inherited random training augmentation, and the shared reliability counter made reliability-based stopping unreachable (historical artifacts complete)."
cifar100,resnet50,cosine,2,cd96a2ebd24243a1330086a4a4a8c89df6ce7788a92c4d5fc58bbd6e39fe86f4,6b62938de6bf5c006ed593051f655a3b348a43f3889fc2610a055143b9e74149,93560b1de3087c43d59f05f6a50273cddf0c134346fbf7483a142f4a029a8ec6,UNRESOLVED,D:\reliable-training-control\results\main_supplement_20260501_054015\supp_cifar100_resnet50__main_supplement_20260501_054015\cosine\seed_2\summary.json,false,none,"Invalidated by corrected protocol: historical validation inherited random training augmentation, and the shared reliability counter made reliability-based stopping unreachable (historical artifacts complete)."
cifar100,resnet50,cosine,3,da2f4391579294fdf2c612d2dc3eed315c33dab1408d2998a77b1371350e8ac1,20f3d61bf4b212604f8dfc2eca191907490af820f7f65b2975157d8ca6a1e043,6bcacbfdae916a6c172fc42e47750838c6b34d58b6401483be7258271bb66bfe,UNRESOLVED,D:\reliable-training-control\results\main_supplement_20260501_054015\supp_cifar100_resnet50__main_supplement_20260501_054015\cosine\seed_3\summary.json,false,none,"Invalidated by corrected protocol: historical validation inherited random training augmentation, and the shared reliability counter made reliability-based stopping unreachable (historical artifacts complete)."
cifar100,resnet50,cosine,4,b412f6aa4bca730a3d83bdd2ea52ea3e56ca56140397c6f27e90279cba1e98fb,a284564687954174b1509d17984e2b25033ab2c451fc02598b53ad32831e3b70,55783c29c3796230549640f37f4d26aed1caea5b1791282d3308caccec9c60b9,UNRESOLVED,UNRESOLVED,false,none,"Invalidated by corrected protocol: historical validation inherited random training augmentation, and the shared reliability counter made reliability-based stopping unreachable (no completed historical run)."
cifar100,resnet50,cosine,5,25289a147dad195eaa013ade802011ba553f723a6b232ffed921ec22cc6e5618,46363a38f57e5cbeec1b92e9403900b1bb59e28178b00d7c537e2a753c4f6125,4db1e69695e40472a9f733d26dd47169b90ff60ffbb2f9bc69ffa493b605bd4d,UNRESOLVED,UNRESOLVED,false,none,"Invalidated by corrected protocol: historical validation inherited random training augmentation, and the shared reliability counter made reliability-based stopping unreachable (no completed historical run)."
cifar100,resnet50,plateau,1,baed09b2a34a220762e57b5b7c62dd9ff0575bef71a6a11cb73352a6eff55f8d,99b489a075b52c477efc94aeccf17190a6a0f2ee7b00a3a8ce55bf5a9d1636d4,d21db131971c805c74c5f579458815b803935993bdafe0bd8dc918247bd03d17,UNRESOLVED,D:\reliable-training-control\results\main_supplement_20260501_054015\supp_cifar100_resnet50__main_supplement_20260501_054015\plateau\seed_1\summary.json,false,none,"Invalidated by corrected protocol: historical validation inherited random training augmentation, and the shared reliability counter made reliability-based stopping unreachable (historical artifacts complete)."
cifar100,resnet50,plateau,2,779ee62262efae0c716820bdb3c0c38c962279c8cd2d6894e5b9dae34bda84df,6b62938de6bf5c006ed593051f655a3b348a43f3889fc2610a055143b9e74149,93560b1de3087c43d59f05f6a50273cddf0c134346fbf7483a142f4a029a8ec6,UNRESOLVED,D:\reliable-training-control\results\main_supplement_20260501_054015\supp_cifar100_resnet50__main_supplement_20260501_054015\plateau\seed_2\summary.json,false,none,"Invalidated by corrected protocol: historical validation inherited random training augmentation, and the shared reliability counter made reliability-based stopping unreachable (historical artifacts complete)."
cifar100,resnet50,plateau,3,e2b8f979cde992c4e0933346c648f736fac7e615d3183ec2b3b4a15da95283f6,20f3d61bf4b212604f8dfc2eca191907490af820f7f65b2975157d8ca6a1e043,6bcacbfdae916a6c172fc42e47750838c6b34d58b6401483be7258271bb66bfe,UNRESOLVED,D:\reliable-training-control\results\main_supplement_20260501_054015\supp_cifar100_resnet50__main_supplement_20260501_054015\plateau\seed_3\summary.json,false,none,"Invalidated by corrected protocol: historical validation inherited random training augmentation, and the shared reliability counter made reliability-based stopping unreachable (historical artifacts complete)."
cifar100,resnet50,plateau,4,5f74c845090ae09e45d0463f97d5917f47df4d72e1d13e1dc3500931a53a5229,a284564687954174b1509d17984e2b25033ab2c451fc02598b53ad32831e3b70,55783c29c3796230549640f37f4d26aed1caea5b1791282d3308caccec9c60b9,UNRESOLVED,UNRESOLVED,false,none,"Invalidated by corrected protocol: historical validation inherited random training augmentation, and the shared reliability counter made reliability-based stopping unreachable (no completed historical run)."
cifar100,resnet50,plateau,5,85bee85b7f7777be84e727fd5d941dd4361bb2fdee018a5ad5ec4d8d4dfd44c2,46363a38f57e5cbeec1b92e9403900b1bb59e28178b00d7c537e2a753c4f6125,4db1e69695e40472a9f733d26dd47169b90ff60ffbb2f9bc69ffa493b605bd4d,UNRESOLVED,UNRESOLVED,false,none,"Invalidated by corrected protocol: historical validation inherited random training augmentation, and the shared reliability counter made reliability-based stopping unreachable (no completed historical run)."
cifar100,resnet50,reliability_val_loss_only,1,4d10fbac4d584b1506e3a1158975aea022a503a7e342df60e8b83d15c83aa715,99b489a075b52c477efc94aeccf17190a6a0f2ee7b00a3a8ce55bf5a9d1636d4,d21db131971c805c74c5f579458815b803935993bdafe0bd8dc918247bd03d17,UNRESOLVED,UNRESOLVED,false,none,"Invalidated by corrected protocol: historical validation inherited random training augmentation, and the shared reliability counter made reliability-based stopping unreachable (no completed historical run)."
cifar100,resnet50,reliability_val_loss_only,2,9a2fffa4a93d6c233878c6f4ec9336715acd4d481699d423bf83bb5aa2b1611e,6b62938de6bf5c006ed593051f655a3b348a43f3889fc2610a055143b9e74149,93560b1de3087c43d59f05f6a50273cddf0c134346fbf7483a142f4a029a8ec6,UNRESOLVED,UNRESOLVED,false,none,"Invalidated by corrected protocol: historical validation inherited random training augmentation, and the shared reliability counter made reliability-based stopping unreachable (no completed historical run)."
cifar100,resnet50,reliability_val_loss_only,3,279eadf416d49fbcd8e300aefd1bf68b837879db1be235cdabf373c70da3af15,20f3d61bf4b212604f8dfc2eca191907490af820f7f65b2975157d8ca6a1e043,6bcacbfdae916a6c172fc42e47750838c6b34d58b6401483be7258271bb66bfe,UNRESOLVED,UNRESOLVED,false,none,"Invalidated by corrected protocol: historical validation inherited random training augmentation, and the shared reliability counter made reliability-based stopping unreachable (no completed historical run)."
cifar100,resnet50,reliability_val_loss_only,4,d7ca526e412d08a20ce67eea8ad97e77c814a3309297bf6319bc537bbe10beff,a284564687954174b1509d17984e2b25033ab2c451fc02598b53ad32831e3b70,55783c29c3796230549640f37f4d26aed1caea5b1791282d3308caccec9c60b9,UNRESOLVED,UNRESOLVED,false,none,"Invalidated by corrected protocol: historical validation inherited random training augmentation, and the shared reliability counter made reliability-based stopping unreachable (no completed historical run)."
cifar100,resnet50,reliability_val_loss_only,5,9f564180c7caa18f7e319e295dc333f4e7cbde3db337090527cf217e58235825,46363a38f57e5cbeec1b92e9403900b1bb59e28178b00d7c537e2a753c4f6125,4db1e69695e40472a9f733d26dd47169b90ff60ffbb2f9bc69ffa493b605bd4d,UNRESOLVED,UNRESOLVED,false,none,"Invalidated by corrected protocol: historical validation inherited random training augmentation, and the shared reliability counter made reliability-based stopping unreachable (no completed historical run)."
cifar100,resnet50,reliability,1,40af4978a622ba6a759450a0219e45a25cf03e859deb6307b1da7c631cad8856,99b489a075b52c477efc94aeccf17190a6a0f2ee7b00a3a8ce55bf5a9d1636d4,d21db131971c805c74c5f579458815b803935993bdafe0bd8dc918247bd03d17,UNRESOLVED,D:\reliable-training-control\results\main_supplement_20260501_054015\supp_cifar100_resnet50__main_supplement_20260501_054015\reliability\seed_1\summary.json,false,none,"Invalidated by corrected protocol: historical validation inherited random training augmentation, and the shared reliability counter made reliability-based stopping unreachable (historical artifacts complete)."
cifar100,resnet50,reliability,2,f7781a6365ebace01e1e4b4f4d7447d4794ccdf777d43107518cc33bec8891e3,6b62938de6bf5c006ed593051f655a3b348a43f3889fc2610a055143b9e74149,93560b1de3087c43d59f05f6a50273cddf0c134346fbf7483a142f4a029a8ec6,UNRESOLVED,D:\reliable-training-control\results\main_supplement_20260501_054015\supp_cifar100_resnet50__main_supplement_20260501_054015\reliability\seed_2\summary.json,false,none,"Invalidated by corrected protocol: historical validation inherited random training augmentation, and the shared reliability counter made reliability-based stopping unreachable (historical artifacts complete)."
cifar100,resnet50,reliability,3,2a4988875a673fc3d4b96883a86305982cb96bbccfb1423799376472d2b5fb86,20f3d61bf4b212604f8dfc2eca191907490af820f7f65b2975157d8ca6a1e043,6bcacbfdae916a6c172fc42e47750838c6b34d58b6401483be7258271bb66bfe,UNRESOLVED,D:\reliable-training-control\results\main_supplement_20260501_054015\supp_cifar100_resnet50__main_supplement_20260501_054015\reliability\seed_3\summary.json,false,none,"Invalidated by corrected protocol: historical validation inherited random training augmentation, and the shared reliability counter made reliability-based stopping unreachable (historical artifacts complete)."
cifar100,resnet50,reliability,4,ee24505130c5aa5a150cdeb5690580832aa9db0a733b75d34db8a5f277abdbdd,a284564687954174b1509d17984e2b25033ab2c451fc02598b53ad32831e3b70,55783c29c3796230549640f37f4d26aed1caea5b1791282d3308caccec9c60b9,UNRESOLVED,UNRESOLVED,false,none,"Invalidated by corrected protocol: historical validation inherited random training augmentation, and the shared reliability counter made reliability-based stopping unreachable (no completed historical run)."
cifar100,resnet50,reliability,5,ad561cb9a87e77a2da17ca108cfe93226e7274ed5160116a7424e2e75f65e463,46363a38f57e5cbeec1b92e9403900b1bb59e28178b00d7c537e2a753c4f6125,4db1e69695e40472a9f733d26dd47169b90ff60ffbb2f9bc69ffa493b605bd4d,UNRESOLVED,UNRESOLVED,false,none,"Invalidated by corrected protocol: historical validation inherited random training augmentation, and the shared reliability counter made reliability-based stopping unreachable (no completed historical run)."
cifar10,vgg16,step,1,54e02142165b8551b0c35c2f60b44e4aab139646ffcbef948e9bb26268d0077a,99b489a075b52c477efc94aeccf17190a6a0f2ee7b00a3a8ce55bf5a9d1636d4,ea2ff1efdf4d04dd5f4d4323de03ad7af86113adfacef2afd05ba8797ad5384d,UNRESOLVED,D:\reliable-training-control\results_v2\supp_cifar10_vgg16__main_supplement_20260501_054015\step\seed_1\summary.json,false,none,"Invalidated by corrected protocol: historical validation inherited random training augmentation, and the shared reliability counter made reliability-based stopping unreachable (historical artifacts complete)."
cifar10,vgg16,step,2,889e79001dadce9a450a4b67d8cea1960e1c9fa632f8216c882c86437c7871f7,6b62938de6bf5c006ed593051f655a3b348a43f3889fc2610a055143b9e74149,a7ea398bb613f82dc3672a77a80de783a642570b1692af2bdbef9ff266ae2894,UNRESOLVED,D:\reliable-training-control\results_v2\supp_cifar10_vgg16__main_supplement_20260501_054015\step\seed_2\summary.json,false,none,"Invalidated by corrected protocol: historical validation inherited random training augmentation, and the shared reliability counter made reliability-based stopping unreachable (historical artifacts complete)."
cifar10,vgg16,step,3,bc38429c83ed80731ed53d118b60247fb6f2a6765b0da739bf8b028d8183b45a,20f3d61bf4b212604f8dfc2eca191907490af820f7f65b2975157d8ca6a1e043,af42771c933da643fff024d0bea5913a8bed2a8234913ff88562048543fb4f19,UNRESOLVED,D:\reliable-training-control\results_v2\supp_cifar10_vgg16__main_supplement_20260501_054015\step\seed_3\summary.json,false,none,"Invalidated by corrected protocol: historical validation inherited random training augmentation, and the shared reliability counter made reliability-based stopping unreachable (historical artifacts complete)."
cifar10,vgg16,step,4,984e578a42bade16daf06a8b91aac7fcfd07322b406034d03099f53842debe42,a284564687954174b1509d17984e2b25033ab2c451fc02598b53ad32831e3b70,25313db631652e33ff529a55e8c0c17e661312228a0a610e62de5cd0eb843a87,UNRESOLVED,UNRESOLVED,false,none,"Invalidated by corrected protocol: historical validation inherited random training augmentation, and the shared reliability counter made reliability-based stopping unreachable (no completed historical run)."
cifar10,vgg16,step,5,731f2812a5ed4208dca82958b86987b7b3fabc81ca00bf048d3f782ce27c7fff,46363a38f57e5cbeec1b92e9403900b1bb59e28178b00d7c537e2a753c4f6125,9dd7b4b03392a5d22d593c891999e302c2f8bf96d1796d22386d1c4227a0d95b,UNRESOLVED,UNRESOLVED,false,none,"Invalidated by corrected protocol: historical validation inherited random training augmentation, and the shared reliability counter made reliability-based stopping unreachable (no completed historical run)."
cifar10,vgg16,cosine,1,7c1542a811568d01631e583f5ab4218b65562f54b73fb5cf82ef65bbc503ab73,99b489a075b52c477efc94aeccf17190a6a0f2ee7b00a3a8ce55bf5a9d1636d4,ea2ff1efdf4d04dd5f4d4323de03ad7af86113adfacef2afd05ba8797ad5384d,UNRESOLVED,D:\reliable-training-control\results\main_supplement_20260501_054015\supp_cifar10_vgg16__main_supplement_20260501_054015\cosine\seed_1\summary.json,false,none,"Invalidated by corrected protocol: historical validation inherited random training augmentation, and the shared reliability counter made reliability-based stopping unreachable (historical artifacts complete)."
cifar10,vgg16,cosine,2,f5d72a213cc976d2095eec5e2885c26fc7578cc8b959c694256a16571e957ffc,6b62938de6bf5c006ed593051f655a3b348a43f3889fc2610a055143b9e74149,a7ea398bb613f82dc3672a77a80de783a642570b1692af2bdbef9ff266ae2894,UNRESOLVED,D:\reliable-training-control\results\main_supplement_20260501_054015\supp_cifar10_vgg16__main_supplement_20260501_054015\cosine\seed_2\summary.json,false,none,"Invalidated by corrected protocol: historical validation inherited random training augmentation, and the shared reliability counter made reliability-based stopping unreachable (historical artifacts complete)."
cifar10,vgg16,cosine,3,b6409c6f8471900304c8b179c905fd659577bdd61336390a032326c28f73f099,20f3d61bf4b212604f8dfc2eca191907490af820f7f65b2975157d8ca6a1e043,af42771c933da643fff024d0bea5913a8bed2a8234913ff88562048543fb4f19,UNRESOLVED,D:\reliable-training-control\results\main_supplement_20260501_054015\supp_cifar10_vgg16__main_supplement_20260501_054015\cosine\seed_3\summary.json,false,none,"Invalidated by corrected protocol: historical validation inherited random training augmentation, and the shared reliability counter made reliability-based stopping unreachable (historical artifacts complete)."
cifar10,vgg16,cosine,4,dbfc6958f87a62315548c6bb6c5373a3644d0c2ac3038a1ecde320490640dccb,a284564687954174b1509d17984e2b25033ab2c451fc02598b53ad32831e3b70,25313db631652e33ff529a55e8c0c17e661312228a0a610e62de5cd0eb843a87,UNRESOLVED,UNRESOLVED,false,none,"Invalidated by corrected protocol: historical validation inherited random training augmentation, and the shared reliability counter made reliability-based stopping unreachable (no completed historical run)."
cifar10,vgg16,cosine,5,44981bef871986d81bbddf83abb5da6e7bbd3a7266d9af9be42a42286b4ddff0,46363a38f57e5cbeec1b92e9403900b1bb59e28178b00d7c537e2a753c4f6125,9dd7b4b03392a5d22d593c891999e302c2f8bf96d1796d22386d1c4227a0d95b,UNRESOLVED,UNRESOLVED,false,none,"Invalidated by corrected protocol: historical validation inherited random training augmentation, and the shared reliability counter made reliability-based stopping unreachable (no completed historical run)."
cifar10,vgg16,plateau,1,196ccd3a538f0c43c8d3daafdacc5fb97077b7484d20609d2dc4ba9c130b1121,99b489a075b52c477efc94aeccf17190a6a0f2ee7b00a3a8ce55bf5a9d1636d4,ea2ff1efdf4d04dd5f4d4323de03ad7af86113adfacef2afd05ba8797ad5384d,UNRESOLVED,D:\reliable-training-control\results_v2\supp_cifar10_vgg16__main_supplement_20260501_054015\plateau\seed_1\summary.json,false,none,"Invalidated by corrected protocol: historical validation inherited random training augmentation, and the shared reliability counter made reliability-based stopping unreachable (historical artifacts complete)."
cifar10,vgg16,plateau,2,048b3c82c8ad24de5fd3d2ce149d01de6f9bea59151c978fdff5eb29257e7547,6b62938de6bf5c006ed593051f655a3b348a43f3889fc2610a055143b9e74149,a7ea398bb613f82dc3672a77a80de783a642570b1692af2bdbef9ff266ae2894,UNRESOLVED,D:\reliable-training-control\results_v2\supp_cifar10_vgg16__main_supplement_20260501_054015\plateau\seed_2\summary.json,false,none,"Invalidated by corrected protocol: historical validation inherited random training augmentation, and the shared reliability counter made reliability-based stopping unreachable (historical artifacts complete)."
cifar10,vgg16,plateau,3,101c2501a6a5fc6875ab75bcefc681c0688e87c4d9d43393d3f00c753bf6c11e,20f3d61bf4b212604f8dfc2eca191907490af820f7f65b2975157d8ca6a1e043,af42771c933da643fff024d0bea5913a8bed2a8234913ff88562048543fb4f19,UNRESOLVED,D:\reliable-training-control\results_v2\supp_cifar10_vgg16__main_supplement_20260501_054015\plateau\seed_3\summary.json,false,none,"Invalidated by corrected protocol: historical validation inherited random training augmentation, and the shared reliability counter made reliability-based stopping unreachable (historical artifacts complete)."
cifar10,vgg16,plateau,4,0295389de6b6d4ad5af9d8717339a8a50de367abd6cec6cb9ab75c2d5d331e7d,a284564687954174b1509d17984e2b25033ab2c451fc02598b53ad32831e3b70,25313db631652e33ff529a55e8c0c17e661312228a0a610e62de5cd0eb843a87,UNRESOLVED,UNRESOLVED,false,none,"Invalidated by corrected protocol: historical validation inherited random training augmentation, and the shared reliability counter made reliability-based stopping unreachable (no completed historical run)."
cifar10,vgg16,plateau,5,7b02b7cc30c8c02d1b1b2a115582d278e9aad99dfd142ebd0e8fc4929966efcf,46363a38f57e5cbeec1b92e9403900b1bb59e28178b00d7c537e2a753c4f6125,9dd7b4b03392a5d22d593c891999e302c2f8bf96d1796d22386d1c4227a0d95b,UNRESOLVED,UNRESOLVED,false,none,"Invalidated by corrected protocol: historical validation inherited random training augmentation, and the shared reliability counter made reliability-based stopping unreachable (no completed historical run)."
cifar10,vgg16,reliability_val_loss_only,1,9775580f5c8cbd97795f0a191d76c0fd436ca8190dc09abe2e1a5a2d09a6596c,99b489a075b52c477efc94aeccf17190a6a0f2ee7b00a3a8ce55bf5a9d1636d4,ea2ff1efdf4d04dd5f4d4323de03ad7af86113adfacef2afd05ba8797ad5384d,UNRESOLVED,UNRESOLVED,false,none,"Invalidated by corrected protocol: historical validation inherited random training augmentation, and the shared reliability counter made reliability-based stopping unreachable (no completed historical run)."
cifar10,vgg16,reliability_val_loss_only,2,458da6e08626c97c9075e45c5c1f6495c2b87fd1c8f8afc99be99e45efc46bf1,6b62938de6bf5c006ed593051f655a3b348a43f3889fc2610a055143b9e74149,a7ea398bb613f82dc3672a77a80de783a642570b1692af2bdbef9ff266ae2894,UNRESOLVED,UNRESOLVED,false,none,"Invalidated by corrected protocol: historical validation inherited random training augmentation, and the shared reliability counter made reliability-based stopping unreachable (no completed historical run)."
cifar10,vgg16,reliability_val_loss_only,3,b458b59bbdb36576ad3632434b5facd44f4f645882bb74ec3c3ec656b2fc4b76,20f3d61bf4b212604f8dfc2eca191907490af820f7f65b2975157d8ca6a1e043,af42771c933da643fff024d0bea5913a8bed2a8234913ff88562048543fb4f19,UNRESOLVED,UNRESOLVED,false,none,"Invalidated by corrected protocol: historical validation inherited random training augmentation, and the shared reliability counter made reliability-based stopping unreachable (no completed historical run)."
cifar10,vgg16,reliability_val_loss_only,4,d2edb558f6d76f72140a6250656444f98fb9f4c6ce425b0bc409fd247b861c0e,a284564687954174b1509d17984e2b25033ab2c451fc02598b53ad32831e3b70,25313db631652e33ff529a55e8c0c17e661312228a0a610e62de5cd0eb843a87,UNRESOLVED,UNRESOLVED,false,none,"Invalidated by corrected protocol: historical validation inherited random training augmentation, and the shared reliability counter made reliability-based stopping unreachable (no completed historical run)."
cifar10,vgg16,reliability_val_loss_only,5,2c36558d29829ae95ce28e29678797136f31e2ebe2daf926735ba0ff285a7d8c,46363a38f57e5cbeec1b92e9403900b1bb59e28178b00d7c537e2a753c4f6125,9dd7b4b03392a5d22d593c891999e302c2f8bf96d1796d22386d1c4227a0d95b,UNRESOLVED,UNRESOLVED,false,none,"Invalidated by corrected protocol: historical validation inherited random training augmentation, and the shared reliability counter made reliability-based stopping unreachable (no completed historical run)."
cifar10,vgg16,reliability,1,6e280aa43beedccabbd462e5f9ea0bc30d4acfe130ed801d1321525d597e08f0,99b489a075b52c477efc94aeccf17190a6a0f2ee7b00a3a8ce55bf5a9d1636d4,ea2ff1efdf4d04dd5f4d4323de03ad7af86113adfacef2afd05ba8797ad5384d,UNRESOLVED,D:\reliable-training-control\results\main_supplement_20260501_054015\supp_cifar10_vgg16__main_supplement_20260501_054015\reliability\seed_1\summary.json,false,none,"Invalidated by corrected protocol: historical validation inherited random training augmentation, and the shared reliability counter made reliability-based stopping unreachable (historical artifacts complete)."
cifar10,vgg16,reliability,2,79ac4d4aab1360a78d157f7f37daaedf389af443c4989d585459b7392b25ff94,6b62938de6bf5c006ed593051f655a3b348a43f3889fc2610a055143b9e74149,a7ea398bb613f82dc3672a77a80de783a642570b1692af2bdbef9ff266ae2894,UNRESOLVED,D:\reliable-training-control\results\main_supplement_20260501_054015\supp_cifar10_vgg16__main_supplement_20260501_054015\reliability\seed_2\summary.json,false,none,"Invalidated by corrected protocol: historical validation inherited random training augmentation, and the shared reliability counter made reliability-based stopping unreachable (historical artifacts complete)."
cifar10,vgg16,reliability,3,8d077de2d237a53abb81c62dcfb5eab90b52bef5ef28067106756d719a4f70c2,20f3d61bf4b212604f8dfc2eca191907490af820f7f65b2975157d8ca6a1e043,af42771c933da643fff024d0bea5913a8bed2a8234913ff88562048543fb4f19,UNRESOLVED,D:\reliable-training-control\results\main_supplement_20260501_054015\supp_cifar10_vgg16__main_supplement_20260501_054015\reliability\seed_3\summary.json,false,none,"Invalidated by corrected protocol: historical validation inherited random training augmentation, and the shared reliability counter made reliability-based stopping unreachable (historical artifacts complete)."
cifar10,vgg16,reliability,4,84e8a94556adabcf13aae389f2120e8e2797ebebb34feaff012ead02de4f067d,a284564687954174b1509d17984e2b25033ab2c451fc02598b53ad32831e3b70,25313db631652e33ff529a55e8c0c17e661312228a0a610e62de5cd0eb843a87,UNRESOLVED,UNRESOLVED,false,none,"Invalidated by corrected protocol: historical validation inherited random training augmentation, and the shared reliability counter made reliability-based stopping unreachable (no completed historical run)."
cifar10,vgg16,reliability,5,4e527189b7e5082968090119bf9b895b22e1f263f994e89c13409940cb7fd853,46363a38f57e5cbeec1b92e9403900b1bb59e28178b00d7c537e2a753c4f6125,9dd7b4b03392a5d22d593c891999e302c2f8bf96d1796d22386d1c4227a0d95b,UNRESOLVED,UNRESOLVED,false,none,"Invalidated by corrected protocol: historical validation inherited random training augmentation, and the shared reliability counter made reliability-based stopping unreachable (no completed historical run)."
cifar100,vgg16,step,1,dd094270448c99550a69221092ac402a4d908f8d216b6bf4c0ba4a01967dfdd9,99b489a075b52c477efc94aeccf17190a6a0f2ee7b00a3a8ce55bf5a9d1636d4,3997d07ba80883b133db6778102edcb7ebced8f699b697f76412177c197e78a8,UNRESOLVED,D:\reliable-training-control\results_v2\supp_cifar100_vgg16__main_supplement_20260501_054015\step\seed_1\summary.json,false,none,"Invalidated by corrected protocol: historical validation inherited random training augmentation, and the shared reliability counter made reliability-based stopping unreachable (historical artifacts complete)."
cifar100,vgg16,step,2,48ed60803304c6802b5c561d76a7a043088736e8f03b2aa37121a0d7ce5ea3c3,6b62938de6bf5c006ed593051f655a3b348a43f3889fc2610a055143b9e74149,1e49b7ccf67c09b1ff3fa5779cc0e442335d800061f715f1d98cff4c8e2df3ac,UNRESOLVED,D:\reliable-training-control\results_v2\supp_cifar100_vgg16__main_supplement_20260501_054015\step\seed_2\summary.json,false,none,"Invalidated by corrected protocol: historical validation inherited random training augmentation, and the shared reliability counter made reliability-based stopping unreachable (historical artifacts complete)."
cifar100,vgg16,step,3,a525c88b2591445746c180c7f902e2b1b80d8b77f460ed85ec6808ba8cd7510d,20f3d61bf4b212604f8dfc2eca191907490af820f7f65b2975157d8ca6a1e043,a02709e7e7cbb626e3f36cff44819e58b723caff1890b558d854785271130733,UNRESOLVED,D:\reliable-training-control\results_v2\supp_cifar100_vgg16__main_supplement_20260501_054015\step\seed_3\summary.json,false,none,"Invalidated by corrected protocol: historical validation inherited random training augmentation, and the shared reliability counter made reliability-based stopping unreachable (historical artifacts complete)."
cifar100,vgg16,step,4,d2cd85b92b14bcd471f358b287027df7ed17a60640025366b0c3a6a7cdff5b08,a284564687954174b1509d17984e2b25033ab2c451fc02598b53ad32831e3b70,6c1e3903f3998cff9b4016d14d848f4dcb8bead8578883ca374574f2b13762b6,UNRESOLVED,UNRESOLVED,false,none,"Invalidated by corrected protocol: historical validation inherited random training augmentation, and the shared reliability counter made reliability-based stopping unreachable (no completed historical run)."
cifar100,vgg16,step,5,2d70f38ce11e2341f93a70b5cffaee50d76030f89eacdd33c7d7332aacdd9fee,46363a38f57e5cbeec1b92e9403900b1bb59e28178b00d7c537e2a753c4f6125,321377d1e553cb59505afe51a5175bc06878af92124966068a1269bf5ef19e9d,UNRESOLVED,UNRESOLVED,false,none,"Invalidated by corrected protocol: historical validation inherited random training augmentation, and the shared reliability counter made reliability-based stopping unreachable (no completed historical run)."
cifar100,vgg16,cosine,1,d351ac935fa751bb1a7b3524885707ee3bab1d593cd4f68d88565519b649e698,99b489a075b52c477efc94aeccf17190a6a0f2ee7b00a3a8ce55bf5a9d1636d4,3997d07ba80883b133db6778102edcb7ebced8f699b697f76412177c197e78a8,UNRESOLVED,D:\reliable-training-control\results\main_supplement_20260501_054015\supp_cifar100_vgg16__main_supplement_20260501_054015\cosine\seed_1\summary.json,false,none,"Invalidated by corrected protocol: historical validation inherited random training augmentation, and the shared reliability counter made reliability-based stopping unreachable (historical artifacts complete)."
cifar100,vgg16,cosine,2,21edfbf2d9cae8102c6ac9ce11e675875e3eb6845341a721f1bdea6a80a7e1ce,6b62938de6bf5c006ed593051f655a3b348a43f3889fc2610a055143b9e74149,1e49b7ccf67c09b1ff3fa5779cc0e442335d800061f715f1d98cff4c8e2df3ac,UNRESOLVED,D:\reliable-training-control\results\main_supplement_20260501_054015\supp_cifar100_vgg16__main_supplement_20260501_054015\cosine\seed_2\summary.json,false,none,"Invalidated by corrected protocol: historical validation inherited random training augmentation, and the shared reliability counter made reliability-based stopping unreachable (historical artifacts complete)."
cifar100,vgg16,cosine,3,82cb02ede2f99de2fb1349f8b565ff4fc5581c42f1da3f3d5a2a725eaa92f7ba,20f3d61bf4b212604f8dfc2eca191907490af820f7f65b2975157d8ca6a1e043,a02709e7e7cbb626e3f36cff44819e58b723caff1890b558d854785271130733,UNRESOLVED,D:\reliable-training-control\results\main_supplement_20260501_054015\supp_cifar100_vgg16__main_supplement_20260501_054015\cosine\seed_3\summary.json,false,none,"Invalidated by corrected protocol: historical validation inherited random training augmentation, and the shared reliability counter made reliability-based stopping unreachable (historical artifacts complete)."
cifar100,vgg16,cosine,4,391ff39663053f60ff9a885c395c1b7c931255b7cc397123110f6ee6281dc65c,a284564687954174b1509d17984e2b25033ab2c451fc02598b53ad32831e3b70,6c1e3903f3998cff9b4016d14d848f4dcb8bead8578883ca374574f2b13762b6,UNRESOLVED,UNRESOLVED,false,none,"Invalidated by corrected protocol: historical validation inherited random training augmentation, and the shared reliability counter made reliability-based stopping unreachable (no completed historical run)."
cifar100,vgg16,cosine,5,bfc3a244db6aa5d76ba3758751963234facb2b5932ad15aef6dcfffce8834700,46363a38f57e5cbeec1b92e9403900b1bb59e28178b00d7c537e2a753c4f6125,321377d1e553cb59505afe51a5175bc06878af92124966068a1269bf5ef19e9d,UNRESOLVED,UNRESOLVED,false,none,"Invalidated by corrected protocol: historical validation inherited random training augmentation, and the shared reliability counter made reliability-based stopping unreachable (no completed historical run)."
cifar100,vgg16,plateau,1,802d7cd1147556b5aaebbf6fa3d142bfd9fcdcfbf4c178e8e111a62a56b1b464,99b489a075b52c477efc94aeccf17190a6a0f2ee7b00a3a8ce55bf5a9d1636d4,3997d07ba80883b133db6778102edcb7ebced8f699b697f76412177c197e78a8,UNRESOLVED,D:\reliable-training-control\results_v2\supp_cifar100_vgg16__main_supplement_20260501_054015\plateau\seed_1\summary.json,false,none,"Invalidated by corrected protocol: historical validation inherited random training augmentation, and the shared reliability counter made reliability-based stopping unreachable (historical artifacts complete)."
cifar100,vgg16,plateau,2,ee6f9d8b8a4309c0d82d8e730f05c4c642f6bcdf2ec4879a04e7202fbe79d1c9,6b62938de6bf5c006ed593051f655a3b348a43f3889fc2610a055143b9e74149,1e49b7ccf67c09b1ff3fa5779cc0e442335d800061f715f1d98cff4c8e2df3ac,UNRESOLVED,D:\reliable-training-control\results_v2\supp_cifar100_vgg16__main_supplement_20260501_054015\plateau\seed_2\summary.json,false,none,"Invalidated by corrected protocol: historical validation inherited random training augmentation, and the shared reliability counter made reliability-based stopping unreachable (historical artifacts complete)."
cifar100,vgg16,plateau,3,2b296447999ff64f5ca6301e3f324b562a23a9d132080ebea022e729cf6ebec1,20f3d61bf4b212604f8dfc2eca191907490af820f7f65b2975157d8ca6a1e043,a02709e7e7cbb626e3f36cff44819e58b723caff1890b558d854785271130733,UNRESOLVED,D:\reliable-training-control\results_v2\supp_cifar100_vgg16__main_supplement_20260501_054015\plateau\seed_3\summary.json,false,none,"Invalidated by corrected protocol: historical validation inherited random training augmentation, and the shared reliability counter made reliability-based stopping unreachable (historical artifacts complete)."
cifar100,vgg16,plateau,4,41e31f807a372e07a13f7e2cc62c8483013d303b53fd30558cccdac698ba28c2,a284564687954174b1509d17984e2b25033ab2c451fc02598b53ad32831e3b70,6c1e3903f3998cff9b4016d14d848f4dcb8bead8578883ca374574f2b13762b6,UNRESOLVED,UNRESOLVED,false,none,"Invalidated by corrected protocol: historical validation inherited random training augmentation, and the shared reliability counter made reliability-based stopping unreachable (no completed historical run)."
cifar100,vgg16,plateau,5,816daf9ffe9e497765d28058b5aecb5282e01aa0b1e050d5f5ba2259faf18f78,46363a38f57e5cbeec1b92e9403900b1bb59e28178b00d7c537e2a753c4f6125,321377d1e553cb59505afe51a5175bc06878af92124966068a1269bf5ef19e9d,UNRESOLVED,UNRESOLVED,false,none,"Invalidated by corrected protocol: historical validation inherited random training augmentation, and the shared reliability counter made reliability-based stopping unreachable (no completed historical run)."
cifar100,vgg16,reliability_val_loss_only,1,d2dfac3d75f498a3f3a2d139ba88c26cceef1636f59750d1ba6d2117400c5878,99b489a075b52c477efc94aeccf17190a6a0f2ee7b00a3a8ce55bf5a9d1636d4,3997d07ba80883b133db6778102edcb7ebced8f699b697f76412177c197e78a8,UNRESOLVED,UNRESOLVED,false,none,"Invalidated by corrected protocol: historical validation inherited random training augmentation, and the shared reliability counter made reliability-based stopping unreachable (no completed historical run)."
cifar100,vgg16,reliability_val_loss_only,2,2d7b64e01ab50f9a4d49491dcd8f587046800006e16801eb0501d0beb084ee1d,6b62938de6bf5c006ed593051f655a3b348a43f3889fc2610a055143b9e74149,1e49b7ccf67c09b1ff3fa5779cc0e442335d800061f715f1d98cff4c8e2df3ac,UNRESOLVED,UNRESOLVED,false,none,"Invalidated by corrected protocol: historical validation inherited random training augmentation, and the shared reliability counter made reliability-based stopping unreachable (no completed historical run)."
cifar100,vgg16,reliability_val_loss_only,3,c4812d2f2ed6e4edd71db3ffe6c42e461c8a6aa5f084a227aaabd6e7d3c4f076,20f3d61bf4b212604f8dfc2eca191907490af820f7f65b2975157d8ca6a1e043,a02709e7e7cbb626e3f36cff44819e58b723caff1890b558d854785271130733,UNRESOLVED,UNRESOLVED,false,none,"Invalidated by corrected protocol: historical validation inherited random training augmentation, and the shared reliability counter made reliability-based stopping unreachable (no completed historical run)."
cifar100,vgg16,reliability_val_loss_only,4,954e877484d8cb048400b6249f625994690e25e0ce203fde7917b7818ee7043c,a284564687954174b1509d17984e2b25033ab2c451fc02598b53ad32831e3b70,6c1e3903f3998cff9b4016d14d848f4dcb8bead8578883ca374574f2b13762b6,UNRESOLVED,UNRESOLVED,false,none,"Invalidated by corrected protocol: historical validation inherited random training augmentation, and the shared reliability counter made reliability-based stopping unreachable (no completed historical run)."
cifar100,vgg16,reliability_val_loss_only,5,aaa3e2068e1ff2477d87e0c96e9a9b35d8975fb55a6da66f8126448f5549b416,46363a38f57e5cbeec1b92e9403900b1bb59e28178b00d7c537e2a753c4f6125,321377d1e553cb59505afe51a5175bc06878af92124966068a1269bf5ef19e9d,UNRESOLVED,UNRESOLVED,false,none,"Invalidated by corrected protocol: historical validation inherited random training augmentation, and the shared reliability counter made reliability-based stopping unreachable (no completed historical run)."
cifar100,vgg16,reliability,1,a51e9e655b3c08d3911a214c6c7bfa9868cc0561cc043bda69360c5e05cae78e,99b489a075b52c477efc94aeccf17190a6a0f2ee7b00a3a8ce55bf5a9d1636d4,3997d07ba80883b133db6778102edcb7ebced8f699b697f76412177c197e78a8,UNRESOLVED,D:\reliable-training-control\results\main_supplement_20260501_054015\supp_cifar100_vgg16__main_supplement_20260501_054015\reliability\seed_1\summary.json,false,none,"Invalidated by corrected protocol: historical validation inherited random training augmentation, and the shared reliability counter made reliability-based stopping unreachable (historical artifacts complete)."
cifar100,vgg16,reliability,2,e3fe1ece2cbbfa87c31b923a4c046ab6b9eabbae62a2461d74109580ed5c0647,6b62938de6bf5c006ed593051f655a3b348a43f3889fc2610a055143b9e74149,1e49b7ccf67c09b1ff3fa5779cc0e442335d800061f715f1d98cff4c8e2df3ac,UNRESOLVED,D:\reliable-training-control\results\main_supplement_20260501_054015\supp_cifar100_vgg16__main_supplement_20260501_054015\reliability\seed_2\summary.json,false,none,"Invalidated by corrected protocol: historical validation inherited random training augmentation, and the shared reliability counter made reliability-based stopping unreachable (historical artifacts complete)."
cifar100,vgg16,reliability,3,9e677e2cdc1c91886848411bdc2b4fc9a7069bd4362f34a58db8da38e1047c1d,20f3d61bf4b212604f8dfc2eca191907490af820f7f65b2975157d8ca6a1e043,a02709e7e7cbb626e3f36cff44819e58b723caff1890b558d854785271130733,UNRESOLVED,D:\reliable-training-control\results\main_supplement_20260501_054015\supp_cifar100_vgg16__main_supplement_20260501_054015\reliability\seed_3\summary.json,false,none,"Invalidated by corrected protocol: historical validation inherited random training augmentation, and the shared reliability counter made reliability-based stopping unreachable (historical artifacts complete)."
cifar100,vgg16,reliability,4,a52c861f95134508209e78624a153ed5f5abbe14715db1a0c784e846c78cb474,a284564687954174b1509d17984e2b25033ab2c451fc02598b53ad32831e3b70,6c1e3903f3998cff9b4016d14d848f4dcb8bead8578883ca374574f2b13762b6,UNRESOLVED,UNRESOLVED,false,none,"Invalidated by corrected protocol: historical validation inherited random training augmentation, and the shared reliability counter made reliability-based stopping unreachable (no completed historical run)."
cifar100,vgg16,reliability,5,06ef55a38995bf3b0d905be36f2020b01da8e6a3f77db091ca010ce5057823eb,46363a38f57e5cbeec1b92e9403900b1bb59e28178b00d7c537e2a753c4f6125,321377d1e553cb59505afe51a5175bc06878af92124966068a1269bf5ef19e9d,UNRESOLVED,UNRESOLVED,false,none,"Invalidated by corrected protocol: historical validation inherited random training augmentation, and the shared reliability counter made reliability-based stopping unreachable (no completed historical run)."
